[{"model": "admin.logentry", "pk": 1, "fields": {"action_time": "2021-07-30T17:07:15.118Z", "user": 1, "content_type": 7, "object_id": "1", "object_repr": "shakesonthebeach.example.com", "action_flag": 2, "change_message": "[{\"changed\": {\"fields\": [\"Domain name\", \"Display name\"]}}]"}}, {"model": "admin.logentry", "pk": 2, "fields": {"action_time": "2021-07-30T17:12:58.065Z", "user": 1, "content_type": 8, "object_id": "1", "object_repr": "john.doyle.mail@icloud.com", "action_flag": 1, "change_message": "[{\"added\": {}}]"}}, {"model": "admin.logentry", "pk": 3, "fields": {"action_time": "2021-08-04T13:13:23.854Z", "user": 1, "content_type": 13, "object_id": "1", "object_repr": "burgers", "action_flag": 1, "change_message": "[{\"added\": {}}]"}}, {"model": "admin.logentry", "pk": 4, "fields": {"action_time": "2021-08-04T13:13:49.491Z", "user": 1, "content_type": 13, "object_id": "1", "object_repr": "burger", "action_flag": 2, "change_message": "[{\"changed\": {\"fields\": [\"Name\", \"Friendly name\"]}}]"}}, {"model": "admin.logentry", "pk": 5, "fields": {"action_time": "2021-08-04T13:15:04.431Z", "user": 1, "content_type": 13, "object_id": "2", "object_repr": "pizza", "action_flag": 1, "change_message": "[{\"added\": {}}]"}}, {"model": "admin.logentry", "pk": 6, "fields": {"action_time": "2021-08-04T13:15:17.502Z", "user": 1, "content_type": 13, "object_id": "3", "object_repr": "sandwich", "action_flag": 1, "change_message": "[{\"added\": {}}]"}}, {"model": "admin.logentry", "pk": 7, "fields": {"action_time": "2021-08-04T13:15:30.043Z", "user": 1, "content_type": 13, "object_id": "4", "object_repr": "salad", "action_flag": 1, "change_message": "[{\"added\": {}}]"}}, {"model": "admin.logentry", "pk": 8, "fields": {"action_time": "2021-08-04T13:15:43.200Z", "user": 1, "content_type": 13, "object_id": "5", "object_repr": "vegetarian", "action_flag": 1, "change_message": "[{\"added\": {}}]"}}, {"model": "admin.logentry", "pk": 9, "fields": {"action_time": "2021-08-04T13:15:54.037Z", "user": 1, "content_type": 13, "object_id": "6", "object_repr": "alcohol", "action_flag": 1, "change_message": "[{\"added\": {}}]"}}, {"model": "admin.logentry", "pk": 10, "fields": {"action_time": "2021-08-04T13:16:06.612Z", "user": 1, "content_type": 13, "object_id": "7", "object_repr": "shake", "action_flag": 1, "change_message": "[{\"added\": {}}]"}}, {"model": "admin.logentry", "pk": 11, "fields": {"action_time": "2021-08-04T13:16:22.545Z", "user": 1, "content_type": 13, "object_id": "8", "object_repr": "mineral", "action_flag": 1, "change_message": "[{\"added\": {}}]"}}, {"model": "admin.logentry", "pk": 12, "fields": {"action_time": "2021-08-04T13:19:35.655Z", "user": 1, "content_type": 14, "object_id": "1", "object_repr": "Half Pounder", "action_flag": 1, "change_message": "[{\"added\": {}}]"}}, {"model": "admin.logentry", "pk": 13, "fields": {"action_time": "2021-08-04T13:22:36.558Z", "user": 1, "content_type": 14, "object_id": "1", "object_repr": "Half Pounder", "action_flag": 3, "change_message": ""}}, {"model": "admin.logentry", "pk": 14, "fields": {"action_time": "2021-08-04T13:24:41.686Z", "user": 1, "content_type": 14, "object_id": "2", "object_repr": "The Cheese Burger", "action_flag": 1, "change_message": "[{\"added\": {}}]"}}, {"model": "admin.logentry", "pk": 15, "fields": {"action_time": "2021-08-04T13:29:03.031Z", "user": 1, "content_type": 14, "object_id": "2", "object_repr": "Cheese Burger", "action_flag": 2, "change_message": "[{\"changed\": {\"fields\": [\"Name\"]}}]"}}, {"model": "admin.logentry", "pk": 16, "fields": {"action_time": "2021-08-04T13:34:55.941Z", "user": 1, "content_type": 14, "object_id": "3", "object_repr": "Bacon Cheese Burger", "action_flag": 1, "change_message": "[{\"added\": {}}]"}}, {"model": "admin.logentry", "pk": 17, "fields": {"action_time": "2021-08-04T13:35:44.016Z", "user": 1, "content_type": 14, "object_id": "4", "object_repr": "The Hot Chick", "action_flag": 1, "change_message": "[{\"added\": {}}]"}}, {"model": "admin.logentry", "pk": 18, "fields": {"action_time": "2021-08-04T13:36:20.081Z", "user": 1, "content_type": 14, "object_id": "5", "object_repr": "Grilled Jerk Chicken", "action_flag": 1, "change_message": "[{\"added\": {}}]"}}, {"model": "admin.logentry", "pk": 19, "fields": {"action_time": "2021-08-04T13:54:28.265Z", "user": 1, "content_type": 14, "object_id": "6", "object_repr": "Meat Central", "action_flag": 1, "change_message": "[{\"added\": {}}]"}}, {"model": "admin.logentry", "pk": 20, "fields": {"action_time": "2021-08-04T14:01:01.775Z", "user": 1, "content_type": 14, "object_id": "3", "object_repr": "Bacon Cheese Burger", "action_flag": 2, "change_message": "[{\"changed\": {\"fields\": [\"Image\"]}}]"}}, {"model": "admin.logentry", "pk": 21, "fields": {"action_time": "2021-08-04T14:01:13.076Z", "user": 1, "content_type": 14, "object_id": "3", "object_repr": "Bacon Cheese Burger", "action_flag": 2, "change_message": "[{\"changed\": {\"fields\": [\"Image\"]}}]"}}, {"model": "admin.logentry", "pk": 22, "fields": {"action_time": "2021-08-04T14:02:55.517Z", "user": 1, "content_type": 14, "object_id": "7", "object_repr": "Hawaian Five OH!", "action_flag": 1, "change_message": "[{\"added\": {}}]"}}, {"model": "admin.logentry", "pk": 23, "fields": {"action_time": "2021-08-04T14:06:43.470Z", "user": 1, "content_type": 14, "object_id": "8", "object_repr": "Hot Veggie", "action_flag": 1, "change_message": "[{\"added\": {}}]"}}, {"model": "admin.logentry", "pk": 24, "fields": {"action_time": "2021-08-04T14:06:52.470Z", "user": 1, "content_type": 14, "object_id": "7", "object_repr": "Hawaian Five OH!", "action_flag": 2, "change_message": "[{\"changed\": {\"fields\": [\"Description\"]}}]"}}, {"model": "admin.logentry", "pk": 25, "fields": {"action_time": "2021-08-04T14:06:58.715Z", "user": 1, "content_type": 14, "object_id": "6", "object_repr": "Meat Central", "action_flag": 2, "change_message": "[]"}}, {"model": "admin.logentry", "pk": 26, "fields": {"action_time": "2021-08-04T14:09:30.776Z", "user": 1, "content_type": 14, "object_id": "9", "object_repr": "Hot Passion", "action_flag": 1, "change_message": "[{\"added\": {}}]"}}, {"model": "admin.logentry", "pk": 27, "fields": {"action_time": "2021-08-04T14:16:49.241Z", "user": 1, "content_type": 14, "object_id": "3", "object_repr": "Bacon Cheese Burger", "action_flag": 2, "change_message": "[{\"changed\": {\"fields\": [\"Image\"]}}]"}}, {"model": "admin.logentry", "pk": 28, "fields": {"action_time": "2021-08-04T14:17:11.090Z", "user": 1, "content_type": 14, "object_id": "3", "object_repr": "Bacon Cheese Burger", "action_flag": 2, "change_message": "[{\"changed\": {\"fields\": [\"Image\"]}}]"}}, {"model": "admin.logentry", "pk": 29, "fields": {"action_time": "2021-08-04T14:22:30.026Z", "user": 1, "content_type": 14, "object_id": "10", "object_repr": "BLT", "action_flag": 1, "change_message": "[{\"added\": {}}]"}}, {"model": "admin.logentry", "pk": 30, "fields": {"action_time": "2021-08-04T14:27:34.693Z", "user": 1, "content_type": 14, "object_id": "11", "object_repr": "Southern Fried Panini", "action_flag": 1, "change_message": "[{\"added\": {}}]"}}, {"model": "admin.logentry", "pk": 31, "fields": {"action_time": "2021-08-04T14:30:03.402Z", "user": 1, "content_type": 14, "object_id": "12", "object_repr": "Veggie Ciabatta", "action_flag": 1, "change_message": "[{\"added\": {}}]"}}, {"model": "admin.logentry", "pk": 32, "fields": {"action_time": "2021-08-04T14:30:07.306Z", "user": 1, "content_type": 14, "object_id": "11", "object_repr": "Southern Fried Panini", "action_flag": 2, "change_message": "[]"}}, {"model": "admin.logentry", "pk": 33, "fields": {"action_time": "2021-08-04T14:33:44.373Z", "user": 1, "content_type": 14, "object_id": "13", "object_repr": "Red Hot Wrap", "action_flag": 1, "change_message": "[{\"added\": {}}]"}}, {"model": "admin.logentry", "pk": 34, "fields": {"action_time": "2021-08-04T14:36:57.261Z", "user": 1, "content_type": 14, "object_id": "14", "object_repr": "Beetroot Relish", "action_flag": 1, "change_message": "[{\"added\": {}}]"}}, {"model": "admin.logentry", "pk": 35, "fields": {"action_time": "2021-08-04T14:38:33.791Z", "user": 1, "content_type": 14, "object_id": "15", "object_repr": "Split pea Hummus", "action_flag": 1, "change_message": "[{\"added\": {}}]"}}, {"model": "admin.logentry", "pk": 36, "fields": {"action_time": "2021-08-04T14:41:55.305Z", "user": 1, "content_type": 14, "object_id": "16", "object_repr": "Baba Ghanoush", "action_flag": 1, "change_message": "[{\"added\": {}}]"}}, {"model": "admin.logentry", "pk": 37, "fields": {"action_time": "2021-08-04T14:44:11.945Z", "user": 1, "content_type": 14, "object_id": "17", "object_repr": "Fijian Kokoda", "action_flag": 1, "change_message": "[{\"added\": {}}]"}}, {"model": "admin.logentry", "pk": 38, "fields": {"action_time": "2021-08-04T14:57:48.690Z", "user": 1, "content_type": 13, "object_id": "5", "object_repr": "vegetarian", "action_flag": 3, "change_message": ""}}, {"model": "admin.logentry", "pk": 39, "fields": {"action_time": "2021-08-04T15:00:09.882Z", "user": 1, "content_type": 13, "object_id": "6", "object_repr": "alcohol", "action_flag": 3, "change_message": ""}}, {"model": "admin.logentry", "pk": 40, "fields": {"action_time": "2021-08-04T15:06:18.977Z", "user": 1, "content_type": 14, "object_id": "18", "object_repr": "Chocolate Malt", "action_flag": 1, "change_message": "[{\"added\": {}}]"}}, {"model": "admin.logentry", "pk": 41, "fields": {"action_time": "2021-08-04T15:06:49.706Z", "user": 1, "content_type": 14, "object_id": "19", "object_repr": "Oreo Cookie Shake", "action_flag": 1, "change_message": "[{\"added\": {}}]"}}, {"model": "admin.logentry", "pk": 42, "fields": {"action_time": "2021-08-04T15:06:54.653Z", "user": 1, "content_type": 14, "object_id": "19", "object_repr": "Oreo Cookie Shake", "action_flag": 2, "change_message": "[{\"changed\": {\"fields\": [\"Category\"]}}]"}}, {"model": "admin.logentry", "pk": 43, "fields": {"action_time": "2021-08-04T15:06:57.458Z", "user": 1, "content_type": 14, "object_id": "18", "object_repr": "Chocolate Malt", "action_flag": 2, "change_message": "[]"}}, {"model": "admin.logentry", "pk": 44, "fields": {"action_time": "2021-08-04T15:07:03.004Z", "user": 1, "content_type": 14, "object_id": "17", "object_repr": "Fijian Kokoda", "action_flag": 2, "change_message": "[{\"changed\": {\"fields\": [\"Category\"]}}]"}}, {"model": "admin.logentry", "pk": 45, "fields": {"action_time": "2021-08-04T15:07:07.187Z", "user": 1, "content_type": 14, "object_id": "16", "object_repr": "Baba Ghanoush", "action_flag": 2, "change_message": "[{\"changed\": {\"fields\": [\"Category\"]}}]"}}, {"model": "admin.logentry", "pk": 46, "fields": {"action_time": "2021-08-04T15:07:12.095Z", "user": 1, "content_type": 14, "object_id": "16", "object_repr": "Baba Ghanoush", "action_flag": 2, "change_message": "[]"}}, {"model": "admin.logentry", "pk": 47, "fields": {"action_time": "2021-08-04T15:07:17.223Z", "user": 1, "content_type": 14, "object_id": "15", "object_repr": "Split pea Hummus", "action_flag": 2, "change_message": "[{\"changed\": {\"fields\": [\"Category\"]}}]"}}, {"model": "admin.logentry", "pk": 48, "fields": {"action_time": "2021-08-04T15:07:20.550Z", "user": 1, "content_type": 14, "object_id": "15", "object_repr": "Split pea Hummus", "action_flag": 2, "change_message": "[]"}}, {"model": "admin.logentry", "pk": 49, "fields": {"action_time": "2021-08-04T15:07:24.951Z", "user": 1, "content_type": 14, "object_id": "14", "object_repr": "Beetroot Relish", "action_flag": 2, "change_message": "[{\"changed\": {\"fields\": [\"Category\"]}}]"}}, {"model": "admin.logentry", "pk": 50, "fields": {"action_time": "2021-08-04T15:07:29.776Z", "user": 1, "content_type": 14, "object_id": "13", "object_repr": "Red Hot Wrap", "action_flag": 2, "change_message": "[{\"changed\": {\"fields\": [\"Category\"]}}]"}}, {"model": "admin.logentry", "pk": 51, "fields": {"action_time": "2021-08-04T15:07:37.003Z", "user": 1, "content_type": 14, "object_id": "12", "object_repr": "Veggie Ciabatta", "action_flag": 2, "change_message": "[{\"changed\": {\"fields\": [\"Category\"]}}]"}}, {"model": "admin.logentry", "pk": 52, "fields": {"action_time": "2021-08-04T15:07:40.968Z", "user": 1, "content_type": 14, "object_id": "11", "object_repr": "Southern Fried Panini", "action_flag": 2, "change_message": "[]"}}, {"model": "admin.logentry", "pk": 53, "fields": {"action_time": "2021-08-04T15:07:44.181Z", "user": 1, "content_type": 14, "object_id": "10", "object_repr": "BLT", "action_flag": 2, "change_message": "[]"}}, {"model": "admin.logentry", "pk": 54, "fields": {"action_time": "2021-08-04T15:07:49.787Z", "user": 1, "content_type": 14, "object_id": "9", "object_repr": "Hot Passion", "action_flag": 2, "change_message": "[{\"changed\": {\"fields\": [\"Category\"]}}]"}}, {"model": "admin.logentry", "pk": 55, "fields": {"action_time": "2021-08-04T15:07:54.419Z", "user": 1, "content_type": 14, "object_id": "8", "object_repr": "Hot Veggie", "action_flag": 2, "change_message": "[{\"changed\": {\"fields\": [\"Category\"]}}]"}}, {"model": "admin.logentry", "pk": 56, "fields": {"action_time": "2021-08-04T15:07:57.748Z", "user": 1, "content_type": 14, "object_id": "7", "object_repr": "Hawaian Five OH!", "action_flag": 2, "change_message": "[]"}}, {"model": "admin.logentry", "pk": 57, "fields": {"action_time": "2021-08-04T15:08:00.774Z", "user": 1, "content_type": 14, "object_id": "6", "object_repr": "Meat Central", "action_flag": 2, "change_message": "[]"}}, {"model": "admin.logentry", "pk": 58, "fields": {"action_time": "2021-08-04T15:08:03.575Z", "user": 1, "content_type": 14, "object_id": "5", "object_repr": "Grilled Jerk Chicken", "action_flag": 2, "change_message": "[]"}}, {"model": "admin.logentry", "pk": 59, "fields": {"action_time": "2021-08-04T15:08:06.001Z", "user": 1, "content_type": 14, "object_id": "4", "object_repr": "The Hot Chick", "action_flag": 2, "change_message": "[]"}}, {"model": "admin.logentry", "pk": 60, "fields": {"action_time": "2021-08-04T15:08:08.430Z", "user": 1, "content_type": 14, "object_id": "3", "object_repr": "Bacon Cheese Burger", "action_flag": 2, "change_message": "[]"}}, {"model": "admin.logentry", "pk": 61, "fields": {"action_time": "2021-08-04T15:08:10.584Z", "user": 1, "content_type": 14, "object_id": "2", "object_repr": "Cheese Burger", "action_flag": 2, "change_message": "[]"}}, {"model": "admin.logentry", "pk": 62, "fields": {"action_time": "2021-08-04T15:11:53.943Z", "user": 1, "content_type": 14, "object_id": "20", "object_repr": "Peanut Butter Malt", "action_flag": 1, "change_message": "[{\"added\": {}}]"}}, {"model": "admin.logentry", "pk": 63, "fields": {"action_time": "2021-08-04T15:12:08.909Z", "user": 1, "content_type": 14, "object_id": "18", "object_repr": "Chocolate Malt", "action_flag": 2, "change_message": "[{\"changed\": {\"fields\": [\"Image\"]}}]"}}, {"model": "admin.logentry", "pk": 64, "fields": {"action_time": "2021-08-04T15:12:12.640Z", "user": 1, "content_type": 14, "object_id": "18", "object_repr": "Chocolate Malt", "action_flag": 2, "change_message": "[]"}}, {"model": "admin.logentry", "pk": 65, "fields": {"action_time": "2021-08-04T15:12:26.540Z", "user": 1, "content_type": 14, "object_id": "19", "object_repr": "Oreo Cookie Malt", "action_flag": 2, "change_message": "[{\"changed\": {\"fields\": [\"Name\", \"Description\"]}}]"}}, {"model": "admin.logentry", "pk": 66, "fields": {"action_time": "2021-08-04T15:12:31.399Z", "user": 1, "content_type": 14, "object_id": "20", "object_repr": "Peanut Butter Malt", "action_flag": 2, "change_message": "[]"}}, {"model": "admin.logentry", "pk": 67, "fields": {"action_time": "2021-08-04T15:13:04.421Z", "user": 1, "content_type": 14, "object_id": "21", "object_repr": "Mint Chocolate Malt", "action_flag": 1, "change_message": "[{\"added\": {}}]"}}, {"model": "admin.logentry", "pk": 68, "fields": {"action_time": "2021-08-04T15:13:36.080Z", "user": 1, "content_type": 14, "object_id": "22", "object_repr": "Nutella Malt", "action_flag": 1, "change_message": "[{\"added\": {}}]"}}, {"model": "admin.logentry", "pk": 69, "fields": {"action_time": "2021-08-04T15:14:38.904Z", "user": 1, "content_type": 14, "object_id": "23", "object_repr": "Vanilla Malt", "action_flag": 1, "change_message": "[{\"added\": {}}]"}}, {"model": "admin.logentry", "pk": 70, "fields": {"action_time": "2021-08-04T15:15:04.700Z", "user": 1, "content_type": 14, "object_id": "24", "object_repr": "Strawberry Malt", "action_flag": 1, "change_message": "[{\"added\": {}}]"}}, {"model": "admin.logentry", "pk": 71, "fields": {"action_time": "2021-08-04T15:15:08.066Z", "user": 1, "content_type": 14, "object_id": "23", "object_repr": "Vanilla Malt", "action_flag": 2, "change_message": "[]"}}, {"model": "admin.logentry", "pk": 72, "fields": {"action_time": "2021-08-04T15:15:11.305Z", "user": 1, "content_type": 14, "object_id": "22", "object_repr": "Nutella Malt", "action_flag": 2, "change_message": "[]"}}, {"model": "admin.logentry", "pk": 73, "fields": {"action_time": "2021-08-04T15:15:13.812Z", "user": 1, "content_type": 14, "object_id": "21", "object_repr": "Mint Chocolate Malt", "action_flag": 2, "change_message": "[]"}}, {"model": "admin.logentry", "pk": 74, "fields": {"action_time": "2021-08-04T15:15:16.613Z", "user": 1, "content_type": 14, "object_id": "20", "object_repr": "Peanut Butter Malt", "action_flag": 2, "change_message": "[]"}}, {"model": "admin.logentry", "pk": 75, "fields": {"action_time": "2021-08-04T15:15:21.750Z", "user": 1, "content_type": 14, "object_id": "19", "object_repr": "Oreo Cookie Malt", "action_flag": 2, "change_message": "[]"}}, {"model": "admin.logentry", "pk": 76, "fields": {"action_time": "2021-08-04T15:18:22.099Z", "user": 1, "content_type": 14, "object_id": "25", "object_repr": "Soft Drink", "action_flag": 1, "change_message": "[{\"added\": {}}]"}}, {"model": "admin.logentry", "pk": 77, "fields": {"action_time": "2021-08-04T15:20:15.011Z", "user": 1, "content_type": 14, "object_id": "26", "object_repr": "Water", "action_flag": 1, "change_message": "[{\"added\": {}}]"}}, {"model": "admin.logentry", "pk": 78, "fields": {"action_time": "2021-08-04T15:20:18.910Z", "user": 1, "content_type": 14, "object_id": "25", "object_repr": "Soft Drink", "action_flag": 2, "change_message": "[]"}}, {"model": "admin.logentry", "pk": 79, "fields": {"action_time": "2021-08-04T15:21:25.267Z", "user": 1, "content_type": 14, "object_id": "27", "object_repr": "Capri Sun", "action_flag": 1, "change_message": "[{\"added\": {}}]"}}, {"model": "admin.logentry", "pk": 80, "fields": {"action_time": "2021-08-04T15:27:35.610Z", "user": 1, "content_type": 14, "object_id": "27", "object_repr": "Capri Sun", "action_flag": 2, "change_message": "[]"}}, {"model": "admin.logentry", "pk": 81, "fields": {"action_time": "2021-08-04T17:32:42.138Z", "user": 1, "content_type": 14, "object_id": "26", "object_repr": "Water", "action_flag": 2, "change_message": "[{\"changed\": {\"fields\": [\"Image\"]}}]"}}, {"model": "admin.logentry", "pk": 82, "fields": {"action_time": "2021-08-05T13:51:54.186Z", "user": 1, "content_type": 14, "object_id": "15", "object_repr": "Split Pea Hummus", "action_flag": 2, "change_message": "[{\"changed\": {\"fields\": [\"Name\"]}}]"}}, {"model": "admin.logentry", "pk": 83, "fields": {"action_time": "2021-08-11T20:59:35.782Z", "user": 1, "content_type": 15, "object_id": "1", "object_repr": "A5063522AAFF44DAA42D498B4826DEA5", "action_flag": 2, "change_message": "[{\"changed\": {\"name\": \"order line item\", \"object\": \"SKU None on order A5063522AAFF44DAA42D498B4826DEA5\", \"fields\": [\"Quantity\"]}}]"}}, {"model": "admin.logentry", "pk": 84, "fields": {"action_time": "2021-08-11T20:59:44.134Z", "user": 1, "content_type": 15, "object_id": "1", "object_repr": "A5063522AAFF44DAA42D498B4826DEA5", "action_flag": 2, "change_message": "[{\"changed\": {\"name\": \"order line item\", \"object\": \"SKU None on order A5063522AAFF44DAA42D498B4826DEA5\", \"fields\": [\"Quantity\"]}}]"}}, {"model": "admin.logentry", "pk": 85, "fields": {"action_time": "2021-08-13T10:02:18.614Z", "user": 1, "content_type": 4, "object_id": "2", "object_repr": "johndoyle", "action_flag": 3, "change_message": ""}}, {"model": "admin.logentry", "pk": 86, "fields": {"action_time": "2021-08-13T10:03:33.516Z", "user": 1, "content_type": 8, "object_id": "2", "object_repr": "simplyamazed@live.ie", "action_flag": 2, "change_message": "[{\"changed\": {\"fields\": [\"Verified\"]}}]"}}, {"model": "admin.logentry", "pk": 87, "fields": {"action_time": "2021-08-13T10:05:09.726Z", "user": 1, "content_type": 4, "object_id": "2", "object_repr": "johndoyle", "action_flag": 3, "change_message": ""}}, {"model": "admin.logentry", "pk": 88, "fields": {"action_time": "2021-08-13T15:10:17.672Z", "user": 1, "content_type": 4, "object_id": "2", "object_repr": "johndoyle", "action_flag": 3, "change_message": ""}}, {"model": "admin.logentry", "pk": 89, "fields": {"action_time": "2021-08-13T15:15:33.530Z", "user": 1, "content_type": 15, "object_id": "8", "object_repr": "95DAEF851CB048D787FE94EA5FC7D125", "action_flag": 3, "change_message": ""}}, {"model": "admin.logentry", "pk": 90, "fields": {"action_time": "2021-08-13T15:15:33.557Z", "user": 1, "content_type": 15, "object_id": "7", "object_repr": "45E0612D554C47D9A40167FBD6DC9514", "action_flag": 3, "change_message": ""}}, {"model": "admin.logentry", "pk": 91, "fields": {"action_time": "2021-08-13T15:15:33.591Z", "user": 1, "content_type": 15, "object_id": "6", "object_repr": "998B541A4F54488E895B5144FD133960", "action_flag": 3, "change_message": ""}}, {"model": "admin.logentry", "pk": 92, "fields": {"action_time": "2021-08-13T15:15:33.614Z", "user": 1, "content_type": 15, "object_id": "5", "object_repr": "31BBD917A2F24A1AABD9A575E19CA117", "action_flag": 3, "change_message": ""}}, {"model": "admin.logentry", "pk": 93, "fields": {"action_time": "2021-08-13T15:15:33.645Z", "user": 1, "content_type": 15, "object_id": "4", "object_repr": "E8050616705746439BAD5AF87C6759A0", "action_flag": 3, "change_message": ""}}, {"model": "admin.logentry", "pk": 94, "fields": {"action_time": "2021-08-13T15:15:33.677Z", "user": 1, "content_type": 15, "object_id": "3", "object_repr": "C388F06C6B6A474DB2842527FB791E5D", "action_flag": 3, "change_message": ""}}, {"model": "admin.logentry", "pk": 95, "fields": {"action_time": "2021-08-13T15:15:33.709Z", "user": 1, "content_type": 15, "object_id": "2", "object_repr": "3F57D7CA530A4514A96411E06153A312", "action_flag": 3, "change_message": ""}}, {"model": "admin.logentry", "pk": 96, "fields": {"action_time": "2021-08-13T15:15:33.740Z", "user": 1, "content_type": 15, "object_id": "1", "object_repr": "A5063522AAFF44DAA42D498B4826DEA5", "action_flag": 3, "change_message": ""}}, {"model": "admin.logentry", "pk": 97, "fields": {"action_time": "2021-08-13T15:15:56.479Z", "user": 1, "content_type": 4, "object_id": "2", "object_repr": "johndoyle", "action_flag": 2, "change_message": "[{\"changed\": {\"fields\": [\"First name\", \"Last name\"]}}]"}}, {"model": "admin.logentry", "pk": 98, "fields": {"action_time": "2021-08-13T15:25:50.352Z", "user": 1, "content_type": 8, "object_id": "1", "object_repr": "john.doyle.mail@icloud.com", "action_flag": 3, "change_message": ""}}, {"model": "auth.user", "pk": 1, "fields": {"password": "pbkdf2_sha256$260000$KOZNUmf1wBSEndslp6BHiP$3jwnuCXd/0svBr811GDyZmmdrSuYfTKCb/DgVVWzb3A=", "last_login": "2021-08-13T10:04:58.471Z", "is_superuser": true, "username": "Aramantos", "first_name": "", "last_name": "", "email": "john.doyle.mail@icloud.com", "is_staff": true, "is_active": true, "date_joined": "2021-07-30T16:56:15.013Z", "groups": [], "user_permissions": []}}, {"model": "auth.user", "pk": 2, "fields": {"password": "pbkdf2_sha256$260000$pyOQx4Dx1h2MeclLqRRQmZ$FQ2vbW0dOC/2INyAyjIKc1l1l5Z8q0vliyY/4eXRfGk=", "last_login": "2021-08-13T10:04:21Z", "is_superuser": false, "username": "johndoyle", "first_name": "John", "last_name": "Doyle", "email": "simplyamazed@live.ie", "is_staff": false, "is_active": true, "date_joined": "2021-08-12T16:40:11Z", "groups": [], "user_permissions": []}}, {"model": "sessions.session", "pk": "0chu4iean0on8ggh2ohx7huqpiuoxfe6", "fields": {"session_data": ".eJxVjMEOwiAQRP-FsyGwlFK82R8hy7IGYkMToSfjv9uaHvQ4b2beSwTceg5b42coSVyFFpdfFpEeXI8Cl-XAEonWrXb53Zx1k7c9ce2FsJe1zufrT5Wx5d3jGL0h78FxZEd6tC4BsPZ3IDvFYRwmQFCENmqLrMCZRKQ4jUaD8lG8P7tMPDo:1mBGNn:SzSv-gMJH801C8vjVqfT5rdy_1yDIvRvpFn74hXrpao", "expire_date": "2021-08-18T12:52:27.677Z"}}, {"model": "sessions.session", "pk": "1znl2xg1sz7la9k7rrc5i9oizvw0n9op", "fields": {"session_data": ".eJxVjMEOgyAQRP-Fc2NgFRFv9UfIsqyR1GAi0EvTf682HtrjvJl5L-GwlsXVzLuLQYxCidsv80gPTmeB63riBom2mkrz3Vx1bu5H4lQiYYlbmq7Xn2rBvBwew2hbshYMezakem0CACs7A-nBd303AIIk1F5pZAmmDUSSQ98qkNYf0oxPdjHNmxjLXvn9Ae2zQl4:1mDvrw:BKk7SCu3WPd7QY7zejUdDsCFgzzsGSFRaewqBAe1CVM", "expire_date": "2021-08-25T21:34:36.693Z"}}, {"model": "sessions.session", "pk": "2jdvvahdzxmmhv4btw68v6i382g3ibba", "fields": {"session_data": "e30:1mEDje:nPk2NEaLwv9NdJq08JQk-se--vZinJQ3Q18008R3Ucg", "expire_date": "2021-08-26T16:39:14.529Z"}}, {"model": "sessions.session", "pk": "3fsb4v4pi29fmzhzneecpmqg9h4dopm6", "fields": {"session_data": "e30:1mEIER:UGVqVQdwbHKdc5wJTw7MflCuxzMY5zoAgOpgNUgtp3U", "expire_date": "2021-08-26T21:27:19.833Z"}}, {"model": "sessions.session", "pk": "5c18x9kqnkypdwjfjrc7pdxmq51jgjeb", "fields": {"session_data": ".eJxVjMEKgzAQRP9lzyEkqybGY-_9Btkk25patBiFFvHfq-ChvczAvJlZoaVl7tol89SmCA1oEL-Zp9DzcID4oOE-yjAO85S8PCrypFlex8jPy9n9O-god_vaMrkiOIeWPdugTWUjImt3w1DVvjRljYQqUOV1RazQFjEExdEUGpXzx2nmnNM4tPx-pekDjRLgKfc8Q7MCQqONgHI3AXbXbfsCX79GVw:1mDYUd:jx6DFn9RydCw2RqtZVk6mMpU7BZxgfQx1zUe5f_meQ8", "expire_date": "2021-08-24T20:36:59.609Z"}}, {"model": "sessions.session", "pk": "aud1fvweybyrg81rxllkwunp0qrhg9sk", "fields": {"session_data": ".eJxVjDEOgzAQBP9yNULYZ7ChSz6CzschEMhIsZ0G8fdARJGUO7s7O_SU09TnKK9-HqADBcUv88SLhKugdb1wScxbDqn8bu46lo8zSUgzU5q38Lxff6qJ4nR6UNmG3aCQPbZsnNbYWEbxxtjaqtqwNnVjEJ0dnRPiSjXIdWulQnIKT2mkt_RzGDfo0itLAZ7iIgm6HTR06jg-HWZF7w:1mEbXz:FWZOAp0wfINJNkPC6QDkyaio9fWFW2TDh9QcQAf7-kM", "expire_date": "2021-08-27T18:04:47.082Z"}}, {"model": "sessions.session", "pk": "b8pal6efsd9a03lefucv2dg42ro4dvah", "fields": {"session_data": "e30:1mETyU:mu2C1NM6OChjnrehy_kzsasIFkrNAMAdz1-P_gbLXjc", "expire_date": "2021-08-27T09:59:38.108Z"}}, {"model": "sessions.session", "pk": "jd4r4oy1adcm3o54np866yz6j5nqi3ll", "fields": {"session_data": "e30:1mEDlK:kzSNV2x2fQcMExcdsFUprZnprzd6144DCOE9lzNONNc", "expire_date": "2021-08-26T16:40:58.922Z"}}, {"model": "sessions.session", "pk": "l8452yfzy5jn5uy9l14gymh87dt6uf5m", "fields": {"session_data": "eyJiYXNrZXQiOnsiNSI6MX19:1mEHSh:wOg2ufaRTBbNgRvKOS3PXVQ5MDDdGhSCTW6WDo3teG4", "expire_date": "2021-08-26T20:37:59.709Z"}}, {"model": "sessions.session", "pk": "mwn4z3bp4j4ionuduzmm7vc39gk81z6o", "fields": {"session_data": "eyJhY2NvdW50X3ZlcmlmaWVkX2VtYWlsIjpudWxsLCJhY2NvdW50X3VzZXIiOiIyIn0:1mEDl9:c1ZNMjB5RMzK0l7gWiG0Jj6A57SzE7x3oszwoDpCgWU", "expire_date": "2021-08-26T16:40:47.908Z"}}, {"model": "sessions.session", "pk": "oig1b1uoxz1drngg1pl54iivs7o7p8ie", "fields": {"session_data": "eyJfc2Vzc2lvbl9leHBpcnkiOjB9:1mEU02:wuZpp3kLuu9sV74WIZHOq4LWOWfKW18sn3LBU7CYgg0", "expire_date": "2021-08-27T10:01:14.942Z"}}, {"model": "sessions.session", "pk": "pkzt39ysmsdkhbdngzafhlzhr79z3n2i", "fields": {"session_data": "e30:1mEU0K:ozniMXGEwyb1tBCxb7h3I4S-EXQXdf2u8xhP8X_7HSc", "expire_date": "2021-08-27T10:01:32.893Z"}}, {"model": "sessions.session", "pk": "tfq0eh3uiodtxm39w27j3wq5l2582fgz", "fields": {"session_data": "e30:1mEU2g:6aJIv3I0EEbqcSJs9KckLMemrlQcCdJuoV4D0QIGWlk", "expire_date": "2021-08-27T10:03:58.357Z"}}, {"model": "sites.site", "pk": 1, "fields": {"domain": "shakesonthebeach.example.com", "name": "Shakes on the Beach"}}, {"model": "account.emailaddress", "pk": 2, "fields": {"user": 2, "email": "simplyamazed@live.ie", "verified": true, "primary": true}}, {"model": "menu.category", "pk": 1, "fields": {"name": "burger", "friendly_name": "Burger"}}, {"model": "menu.category", "pk": 2, "fields": {"name": "pizza", "friendly_name": "Pizza"}}, {"model": "menu.category", "pk": 3, "fields": {"name": "sandwich", "friendly_name": "Sandwich"}}, {"model": "menu.category", "pk": 4, "fields": {"name": "salad", "friendly_name": "Salad"}}, {"model": "menu.category", "pk": 7, "fields": {"name": "shake", "friendly_name": "Shake"}}, {"model": "menu.category", "pk": 8, "fields": {"name": "mineral", "friendly_name": "Mineral"}}, {"model": "menu.product", "pk": 2, "fields": {"category": 1, "sku": null, "name": "Cheese Burger", "description": "6oz Dry aged beef Pattie, American cheese, lettuce, tomato, onion & secret sauce", "price": "8.00", "image_url": null, "image": "cheese-burger.jpeg"}}, {"model": "menu.product", "pk": 3, "fields": {"category": 1, "sku": null, "name": "Bacon Cheese Burger", "description": "6oz Dry aged beef Pattie, American cheese, crispy bacon, lettuce, tomato, onion & secret sauce", "price": "8.50", "image_url": null, "image": "bacon-cheese-burger.jpeg"}}, {"model": "menu.product", "pk": 4, "fields": {"category": 1, "sku": null, "name": "The Hot Chick", "description": "Marinated grilled chicken, American cheese, crispy bacon, lettuce, onion, garlic mayo & hot sauce", "price": "8.50", "image_url": null, "image": "grilled-chicken-burger.jpeg"}}, {"model": "menu.product", "pk": 5, "fields": {"category": 1, "sku": null, "name": "Grilled Jerk Chicken", "description": "Our house marinated buttermilk jerk chicken, American cheese, lettuce, tomato, onion & secret sauce", "price": "8.00", "image_url": null, "image": "grilled-jerk-burger.jpeg"}}, {"model": "menu.product", "pk": 6, "fields": {"category": 2, "sku": null, "name": "Meat Central", "description": "9\" Extra Pepperoni, Bacon, Sliced Sausage, Ham & Beef Meatballs", "price": "12.00", "image_url": null, "image": "meat-central.jpeg"}}, {"model": "menu.product", "pk": 7, "fields": {"category": 2, "sku": null, "name": "Hawaian Five OH!", "description": "9\" Ham, Mushrooms & Pineapple", "price": "12.00", "image_url": null, "image": "hawaiian-pizza.jpeg"}}, {"model": "menu.product", "pk": 8, "fields": {"category": 2, "sku": null, "name": "Hot Veggie", "description": "9\" Falafel, Red Onion, Mushrooms, Mixed Peppers, Sweetcorn, Jalapeno Peppers, & Drizzle Sriracha Sauce", "price": "12.00", "image_url": null, "image": "hot-veggie.jpeg"}}, {"model": "menu.product", "pk": 9, "fields": {"category": 2, "sku": null, "name": "Hot Passion", "description": "9\" Mozzarella, Pepperoni, Sausage, Bacon, Red Onion, Mushroom, Jalapeno Peppers, & Drizzle Sriracha Sauce", "price": "12.00", "image_url": null, "image": "hot-passion.jpeg"}}, {"model": "menu.product", "pk": 10, "fields": {"category": 3, "sku": null, "name": "BLT", "description": "A mouth-watering tower of crispy bacon, shredded iceberg lettuce, tomato & mayo on toasted bread", "price": "7.50", "image_url": null, "image": "BLT.webp"}}, {"model": "menu.product", "pk": 11, "fields": {"category": 3, "sku": null, "name": "Southern Fried Panini", "description": "Southern fried goujons, melted mozzarella & BBQ sauce in a toasted panini.", "price": "7.00", "image_url": null, "image": "southern-fried-panini.jpeg"}}, {"model": "menu.product", "pk": 12, "fields": {"category": 3, "sku": null, "name": "Veggie Ciabatta", "description": "A warm ciabatta stuffed with melted brie, sundried tomato, red onion, pesto & mixed leaves", "price": "6.50", "image_url": null, "image": "veggie-ciabatta.jpeg"}}, {"model": "menu.product", "pk": 13, "fields": {"category": 3, "sku": null, "name": "Red Hot Wrap", "description": "Cajun chicken, smoked bacon & melted white cheddar, served in a hot tortilla wrap.", "price": "7.00", "image_url": null, "image": "red-hot-wrap.jpeg"}}, {"model": "menu.product", "pk": 14, "fields": {"category": 4, "sku": null, "name": "Beetroot Relish", "description": "Fresh beet, mustard seeds, ginger, garlic, cardamom seed, red wine vinegar", "price": "5.00", "image_url": null, "image": "beetroot-relish.jpeg"}}, {"model": "menu.product", "pk": 15, "fields": {"category": 4, "sku": null, "name": "Split Pea Hummus", "description": "Green split pea, lime juice, sesame seeds", "price": "5.00", "image_url": null, "image": "split-pea-hummus.jpeg"}}, {"model": "menu.product", "pk": 16, "fields": {"category": 4, "sku": null, "name": "Baba Ghanoush", "description": "Aubergine chard grilled, pureed with tahini, lime, garlic & pomegranate", "price": "5.00", "image_url": null, "image": "baba-ghanoush.jpeg"}}, {"model": "menu.product", "pk": 17, "fields": {"category": 4, "sku": null, "name": "Fijian Kokoda", "description": "Marinated fresh Cod with coconut cream, chili, coriander, pepper & lime juice", "price": "5.00", "image_url": null, "image": "fijian-kokoda.jpeg"}}, {"model": "menu.product", "pk": 18, "fields": {"category": 7, "sku": null, "name": "Chocolate Malt", "description": "Chocolate Malt Shake", "price": "4.50", "image_url": null, "image": "chocolate.jpeg"}}, {"model": "menu.product", "pk": 19, "fields": {"category": 7, "sku": null, "name": "Oreo Cookie Malt", "description": "Oreo Cookie Malt Shake", "price": "4.50", "image_url": null, "image": "oreo.jpeg"}}, {"model": "menu.product", "pk": 20, "fields": {"category": 7, "sku": null, "name": "Peanut Butter Malt", "description": "Peanut Butter Malt Shake", "price": "4.50", "image_url": null, "image": "peanutbutter.jpeg"}}, {"model": "menu.product", "pk": 21, "fields": {"category": 7, "sku": null, "name": "Mint Chocolate Malt", "description": "Mint Chocolate Malt Shake", "price": "4.50", "image_url": null, "image": "mint-chocolate.jpeg"}}, {"model": "menu.product", "pk": 22, "fields": {"category": 7, "sku": null, "name": "Nutella Malt", "description": "Nutella Malt Shake", "price": "4.50", "image_url": null, "image": "nutella.jpeg"}}, {"model": "menu.product", "pk": 23, "fields": {"category": 7, "sku": null, "name": "Vanilla Malt", "description": "Vanilla Malt Shake", "price": "4.50", "image_url": null, "image": "vanilla.jpeg"}}, {"model": "menu.product", "pk": 24, "fields": {"category": 7, "sku": null, "name": "Strawberry Malt", "description": "Strawberry Malt Shake", "price": "4.50", "image_url": null, "image": "strawberry.jpeg"}}, {"model": "menu.product", "pk": 25, "fields": {"category": 8, "sku": null, "name": "Soft Drink", "description": "Coca-Cola, Sprite, Fanta, Pepsi 330ml\r\nSpecify upon collection", "price": "2.00", "image_url": null, "image": "soft-drink.jpeg"}}, {"model": "menu.product", "pk": 26, "fields": {"category": 8, "sku": null, "name": "Water", "description": "Still 500ml", "price": "2.00", "image_url": null, "image": "water.jpeg"}}, {"model": "menu.product", "pk": 27, "fields": {"category": 8, "sku": null, "name": "Capri Sun", "description": "Capri Sun 330ml", "price": "2.00", "image_url": null, "image": "capri-sun.jpeg"}}, {"model": "checkout.order", "pk": 9, "fields": {"order_number": "B00930B6FDCC4217910DFC8C4C984C7E", "user_profile": 1, "full_name": "John Doyle", "email": "john.doyle.mail@icloud.com", "phone_number": "0852039911", "postcode": "X91 F2WR", "town_or_city": "Waterford City", "street_address1": "3 Ballinakill Court", "street_address2": "Dunmore Road", "county": "Waterford", "date": "2021-08-13T15:48:10.043Z", "delivery_cost": "0.00", "order_total": "16.50", "grand_total": "16.50", "original_basket": "{\"2\": 1, \"3\": 1}", "stripe_pid": "pi_3JO2bzIxAfU6TjYm0bjzaId3"}}, {"model": "checkout.order", "pk": 10, "fields": {"order_number": "8ACE617DDC134B79B0D8438303CFB2A1", "user_profile": 1, "full_name": "John Doyle", "email": "john.doyle.mail@icloud.com", "phone_number": "0852039911", "postcode": "X91 F2WR", "town_or_city": "Waterford City", "street_address1": "3 Ballinakill Court", "street_address2": "Dunmore Road", "county": "Waterford", "date": "2021-08-13T15:53:16.673Z", "delivery_cost": "2.00", "order_total": "8.50", "grand_total": "10.50", "original_basket": "{\"3\": 1}", "stripe_pid": "pi_3JO2gxIxAfU6TjYm1gPUwFLZ"}}, {"model": "checkout.order", "pk": 11, "fields": {"order_number": "FDA531EFC6D64A40AAAEBE24FE23C7E8", "user_profile": 1, "full_name": "John Doyle", "email": "john.doyle.mail@icloud.com", "phone_number": "0852039911", "postcode": "X91 F2WR", "town_or_city": "Waterford City", "street_address1": "3 Ballinakill Court", "street_address2": "Dunmore Road", "county": "Waterford", "date": "2021-08-13T15:54:29.356Z", "delivery_cost": "2.00", "order_total": "8.50", "grand_total": "10.50", "original_basket": "{\"3\": 1}", "stripe_pid": "pi_3JO2i0IxAfU6TjYm0Q53VIu2"}}, {"model": "checkout.order", "pk": 12, "fields": {"order_number": "E51E75BA05E14FB2BBC931B56604B274", "user_profile": 1, "full_name": "John Doyle", "email": "john.doyle.mail@icloud.com", "phone_number": "0852039911", "postcode": "X91 F2WR", "town_or_city": "Waterford City", "street_address1": "3 Ballinakill Court", "street_address2": "Dunmore Road", "county": "Waterford", "date": "2021-08-13T15:55:28.525Z", "delivery_cost": "2.00", "order_total": "8.50", "grand_total": "10.50", "original_basket": "{\"3\": 1}", "stripe_pid": "pi_3JO2j4IxAfU6TjYm1dWmEOGA"}}, {"model": "checkout.order", "pk": 13, "fields": {"order_number": "B7F76530326441C3AD300F7E97485284", "user_profile": 1, "full_name": "John Doyle", "email": "john.doyle.mail@icloud.com", "phone_number": "0852039911", "postcode": "X91 F2WR", "town_or_city": "Waterford City", "street_address1": "3 Ballinakill Court", "street_address2": "Dunmore Road", "county": "Waterford", "date": "2021-08-13T15:56:20.769Z", "delivery_cost": "2.00", "order_total": "8.50", "grand_total": "10.50", "original_basket": "{\"4\": 1}", "stripe_pid": "pi_3JO2jvIxAfU6TjYm0JAgvF0v"}}, {"model": "checkout.order", "pk": 14, "fields": {"order_number": "A63E6807E9D640E8B463B659D4C20EB8", "user_profile": 1, "full_name": "John Doyle", "email": "john.doyle.mail@icloud.com", "phone_number": "0852039911", "postcode": "X91 F2WR", "town_or_city": "Waterford City", "street_address1": "3 Ballinakill Court", "street_address2": "Dunmore Road", "county": "Waterford", "date": "2021-08-13T15:58:04.062Z", "delivery_cost": "0.00", "order_total": "69.00", "grand_total": "69.00", "original_basket": "{\"2\": 1, \"3\": 1, \"4\": 1, \"5\": 1, \"6\": 1, \"7\": 1, \"8\": 1}", "stripe_pid": "pi_3JO2laIxAfU6TjYm0Vuey9xC"}}, {"model": "checkout.order", "pk": 15, "fields": {"order_number": "53FE37A1ED0940669979A696D72C5309", "user_profile": 1, "full_name": "John Doyle", "email": "john.doyle.mail@icloud.com", "phone_number": "0852039911", "postcode": "X91 F2WR", "town_or_city": "Waterford City", "street_address1": "3 Ballinakill Court", "street_address2": "Dunmore Road", "county": "Waterford", "date": "2021-08-13T16:05:04.926Z", "delivery_cost": "2.00", "order_total": "8.50", "grand_total": "10.50", "original_basket": "{\"3\": 1}", "stripe_pid": "pi_3JO2sJIxAfU6TjYm02TD0H3c"}}, {"model": "checkout.order", "pk": 16, "fields": {"order_number": "D94F97498ADD49A28D9401F384370651", "user_profile": 1, "full_name": "John Doyle", "email": "john.doyle.mail@icloud.com", "phone_number": "0852039911", "postcode": "X91 F2WR", "town_or_city": "Waterford City", "street_address1": "3 Ballinakill Court", "street_address2": "Dunmore Road", "county": "Waterford", "date": "2021-08-13T16:05:46.241Z", "delivery_cost": "2.00", "order_total": "8.50", "grand_total": "10.50", "original_basket": "{\"4\": 1}", "stripe_pid": "pi_3JO2t2IxAfU6TjYm05vL7dl4"}}, {"model": "checkout.orderlineitem", "pk": 11, "fields": {"order": 9, "product": 2, "quantity": 1, "lineitem_total": "8.00"}}, {"model": "checkout.orderlineitem", "pk": 12, "fields": {"order": 9, "product": 3, "quantity": 1, "lineitem_total": "8.50"}}, {"model": "checkout.orderlineitem", "pk": 13, "fields": {"order": 10, "product": 3, "quantity": 1, "lineitem_total": "8.50"}}, {"model": "checkout.orderlineitem", "pk": 14, "fields": {"order": 11, "product": 3, "quantity": 1, "lineitem_total": "8.50"}}, {"model": "checkout.orderlineitem", "pk": 15, "fields": {"order": 12, "product": 3, "quantity": 1, "lineitem_total": "8.50"}}, {"model": "checkout.orderlineitem", "pk": 16, "fields": {"order": 13, "product": 4, "quantity": 1, "lineitem_total": "8.50"}}, {"model": "checkout.orderlineitem", "pk": 17, "fields": {"order": 14, "product": 2, "quantity": 1, "lineitem_total": "8.00"}}, {"model": "checkout.orderlineitem", "pk": 18, "fields": {"order": 14, "product": 3, "quantity": 1, "lineitem_total": "8.50"}}, {"model": "checkout.orderlineitem", "pk": 19, "fields": {"order": 14, "product": 4, "quantity": 1, "lineitem_total": "8.50"}}, {"model": "checkout.orderlineitem", "pk": 20, "fields": {"order": 14, "product": 5, "quantity": 1, "lineitem_total": "8.00"}}, {"model": "checkout.orderlineitem", "pk": 21, "fields": {"order": 14, "product": 6, "quantity": 1, "lineitem_total": "12.00"}}, {"model": "checkout.orderlineitem", "pk": 22, "fields": {"order": 14, "product": 7, "quantity": 1, "lineitem_total": "12.00"}}, {"model": "checkout.orderlineitem", "pk": 23, "fields": {"order": 14, "product": 8, "quantity": 1, "lineitem_total": "12.00"}}, {"model": "checkout.orderlineitem", "pk": 24, "fields": {"order": 15, "product": 3, "quantity": 1, "lineitem_total": "8.50"}}, {"model": "checkout.orderlineitem", "pk": 25, "fields": {"order": 16, "product": 4, "quantity": 1, "lineitem_total": "8.50"}}, {"model": "profiles.userprofile", "pk": 1, "fields": {"user": 1, "default_phone_number": "0852039911", "default_street_address1": "3 Ballinakill Court", "default_street_address2": "Dunmore Road", "default_town_or_city": "Waterford City", "default_postcode": "X91 F2WR", "default_county": "Waterford"}}, {"model": "profiles.userprofile", "pk": 2, "fields": {"user": 2, "default_phone_number": null, "default_street_address1": null, "default_street_address2": null, "default_town_or_city": null, "default_postcode": null, "default_county": null}}]